{
	"format_version": "1.8.0",
	"animations": {
		"animation.dilophosaurus.frill_setup": {
			"loop": true,
			"bones": {
				"leftFrillBone": {
					"rotation": [-8.61201, -17.40921, -5.83495],
					"scale": [1, 0.4, 1.5]
				},
				"leftFrill": {
					"rotation": [-30, 0, 0]
				},
				"rightFrill": {
					"rotation": [-30, 0, 0]
				},
				"rightFrillBone": {
					"rotation": [-8.61201, 17.4092, -5.83495],
					"scale": [1, 0.4, 1.5]
				}
			}
		},
		"animation.dilophosaurus.walk": {
			"loop": true,
			"animation_length": 2.0833,
			"bones": {
				"leftLeg": {
					"rotation": {
						"0.0": [0, 0, 0],
						"0.5": [22.5, 0, 0],
						"1.5417": [-22.5, 0, 0],
						"2.0833": [0, 0, 0]
					}
				},
				"rightLeg": {
					"rotation": {
						"0.0": [0, 0, 0],
						"0.5": [-22.5, 0, 0],
						"1.5417": [22.5, 0, 0],
						"2.0833": [0, 0, 0]
					}
				}
			}
		},
		"animation.dilophosaurus.sitting": {
			"loop": true,
			"bones": {
				"hips": {
					"position": [0, -8, 0]
				},
				"leftArm": {
					"rotation": [-67.5, 0, 0]
				},
				"rightArm": {
					"rotation": [-67.5, 0, 0]
				},
				"leftShin": {
					"position": [0, 8, -5]
				},
				"leftFoot": {
					"position": [0, 0, -1]
				},
				"rightShin": {
					"position": [0, 8, -5]
				},
				"rightFoot": {
					"position": [0, 0, -1]
				},
				"leftLeg": {
					"position": [0, -8, 0]
				},
				"rightLeg": {
					"position": [0, -8, 0]
				}
			}
		},
		"animation.dilophosaurus.spit": {
			"animation_length": 2.64,
			"bones": {
				"leftFrillBone": {
					"rotation": {
						"0.0": [-8.61201, -17.40921, -5.83495],
						"0.24": [-8.61, -17.41, -5.83],
						"0.52": [0, -75, 0],
						"0.68": [-25.97212, -73.26807, 26.9609],
						"0.84": [25.97212, -73.26807, -26.9609],
						"1.0": [-25.97212, -73.26807, 26.9609],
						"1.16": [25.97212, -73.26807, -26.9609],
						"1.32": [-25.97212, -73.26807, 26.9609],
						"1.48": [25.97212, -73.26807, -26.9609],
						"1.64": [-25.97212, -73.26807, 26.9609],
						"1.8": [25.97212, -73.26807, -26.9609],
						"1.96": [-25.97212, -73.26807, 26.9609],
						"2.12": [0, -75, 0],
						"2.36": [0, -75, 0],
						"2.64": [-8.61, -17.41, -5.83]
					},
					"scale": {
						"0.0": [1, 0.4, 1.5],
						"0.24": [1, 0.4, 1.5],
						"0.52": [1, 1.25, 1],
						"2.12": [1, 1.25, 1],
						"2.36": [1, 0.4, 1.5]
					}
				},
				"leftFrill": {
					"rotation": {
						"0.0": [-30, 0, 0],
						"0.24": [0, 0, 0],
						"2.36": [0, 0, 0],
						"2.64": [-30, 0, 0]
					}
				},
				"rightFrill": {
					"rotation": {
						"0.0": [-30, 0, 0],
						"0.24": [0, 0, 0],
						"2.36": [0, 0, 0],
						"2.64": [-30, 0, 0]
					}
				},
				"rightFrillBone": {
					"rotation": {
						"0.0": [-8.61201, 17.4092, -5.83495],
						"0.24": [-8.61, 17.41, -5.83],
						"0.52": [0, 75, 0],
						"0.68": [-25.97212, 73.26807, -26.9609],
						"0.84": [25.97212, 73.26807, 26.9609],
						"1.0": [-25.97212, 73.26807, -26.9609],
						"1.16": [25.97212, 73.26807, 26.9609],
						"1.32": [-25.97212, 73.26807, -26.9609],
						"1.48": [25.97212, 73.26807, 26.9609],
						"1.64": [-25.97212, 73.26807, -26.9609],
						"1.8": [25.97212, 73.26807, 26.9609],
						"1.96": [-25.97212, 73.26807, -26.9609],
						"2.12": [0, 75, 0],
						"2.36": [0, 75, 0],
						"2.64": [-8.61, 17.41, -5.83]
					},
					"scale": {
						"0.0": [1, 0.4, 1.5],
						"0.24": [1, 0.4, 1.5],
						"0.52": [1, 1.25, 1],
						"2.12": [1, 1.25, 1],
						"2.36": [1, 0.4, 1.5]
					}
				},
				"neck": {
					"rotation": {
						"0.0": [0, 0, 0],
						"0.24": [-15, 0, 0],
						"0.52": [2.5, 0, 0],
						"2.12": [2.5, 0, 0],
						"2.36": [0, 0, 0]
					}
				},
				"head": {
					"rotation": {
						"0.0": [0, 0, 0],
						"0.24": [15, 0, 0],
						"0.52": [-2.5, 0, 0],
						"2.12": [-2.5, 0, 0],
						"2.36": [0, 0, 0]
					}
				},
				"lowerJaw": {
					"rotation": {
						"0.24": [0, 0, 0],
						"0.52": [25, 0, 0],
						"1.96": [25, 0, 0],
						"2.12": [0, 0, 0]
					}
				},
				"poisonPouch": {
					"scale": {
						"0.0": [1, 1, 1],
						"0.24": [1.375, 1.375, 1.375],
						"0.52": [0.75, 0.75, 0.75],
						"2.12": [0.75, 0.75, 0.75],
						"2.64": [1, 1, 1]
					}
				}
			},
			"sound_effects": {
				"0.48": {
					"effect": "spit"
				}
			}
		},
		"animation.dilophosaurus.sac_setup": {
			"loop": true,
			"animation_length": 2,
			"bones": {
				"poisonPouch": {
					"scale": {
						"0.0": [1, 1, 1],
						"1.0": [1.125, 1.125, 1.125],
						"2.0": [1, 1, 1]
					}
				}
			}
		},
		"animation.dilophosaurus.place_trap": {
			"animation_length": 1.12,
			"bones": {
				"neck": {
					"rotation": {
						"0.0": [0, 0, 0],
						"0.52": [45, 0, 0],
						"0.64": [40, 0, 0],
						"0.76": [45, 0, 0],
						"0.88": [45, 0, 0],
						"1.12": [0, 0, 0]
					}
				},
				"head": {
					"rotation": {
						"0.0": [0, 0, 0],
						"0.52": [25, 0, 0],
						"0.64": [30, 0, 0],
						"0.76": [25, 0, 0],
						"0.88": [25, 0, 0],
						"1.12": [0, 0, 0]
					}
				},
				"lowerJaw": {
					"rotation": {
						"0.64": [0, 0, 0],
						"0.76": [22.5, 0, 0],
						"0.88": [0, 0, 0]
					}
				}
			}
		},
		"animation.dilophosaurus.claw_one": {
			"animation_length": 0.5,
			"bones": {
				"leftArm": {
					"rotation": {
						"0.0": [0, 0, 0],
						"0.125": [-50.29011, 57.15935, 80.75168],
						"0.25": [-93.67368, -17.69473, 39.07591],
						"0.5": [0, 0, 0]
					}
				}
			}
		},
		"animation.dilophosaurus.claw_two": {
			"animation_length": 0.5,
			"bones": {
				"rightArm": {
					"rotation": {
						"0.0": [0, 0, 0],
						"0.125": [-50.2901, -57.1594, -80.7517],
						"0.25": [-93.6737, 17.6947, -39.0759],
						"0.5": [0, 0, 0]
					}
				}
			}
		},
		"animation.dilophosaurus.incapacitated": {
			"loop": true,
			"bones": {
				"base": {
					"position": [0, -12, 0]
				},
				"leftArm": {
					"rotation": [-46.8808, -6.22383, 55.37967],
					"position": [1.5, 0, 0]
				},
				"rightArm": {
					"rotation": [-46.8808, -6.22383, -55.3797],
					"position": [-1.5, 0, 0]
				},
				"neck": {
					"rotation": [67.5, 0, 0]
				},
				"head": {
					"rotation": [-67.5, 0, 0],
					"position": [0, 0, -2]
				},
				"leftFrillBone": {
					"rotation": [-8.61201, -17.40921, -5.83495],
					"scale": [1, 0.4, 1.5]
				},
				"rightFrillBone": {
					"rotation": [-8.61201, 17.4092, -5.83495],
					"scale": [1, 0.4, 1.5]
				},
				"tail0": {
					"rotation": [-7.5, 0, 0]
				},
				"leftLeg": {
					"rotation": [70, 0, 0]
				},
				"leftShin": {
					"position": [0, -1, -1]
				},
				"rightLeg": {
					"rotation": [70, 0, 0]
				},
				"rightShin": {
					"position": [0, -1, -1]
				}
			}
		}
	}
}