{
	"format_version": "1.8.0",
	"animations": {
		"animation.palaeocastor.walk": {
			"loop": true,
			"animation_length": 2.0833,
			"bones": {
				"leftFrontLeg": {
					"rotation": {
						"0.0": [0, 0, 0],
						"0.5": [-15, 0, 0],
						"1.0417": [0, 0, 0],
						"1.5417": [15, 0, 0],
						"2.0833": [0, 0, 0]
					}
				},
				"rightFrontLeg": {
					"rotation": {
						"0.0": [0, 0, 0],
						"0.5": [15, 0, 0],
						"1.0417": [0, 0, 0],
						"1.5417": [-15, 0, 0],
						"2.0833": [0, 0, 0]
					}
				},
				"leftBackLeg": {
					"rotation": {
						"0.0": [0, 0, 0],
						"0.5": [15, 0, 0],
						"1.0417": [0, 0, 0],
						"1.5417": [-15, 0, 0],
						"2.0833": [0, 0, 0]
					}
				},
				"rightBackLeg": {
					"rotation": {
						"0.0": [0, 0, 0],
						"0.5": [-15, 0, 0],
						"1.0417": [0, 0, 0],
						"1.5417": [15, 0, 0],
						"2.0833": [0, 0, 0]
					}
				}
			}
		},
		"animation.palaeocastor.sitting": {
			"loop": true,
			"bones": {
				"body": {
					"position": [0, -2, 0]
				},
				"leftFrontLeg": {
					"rotation": [-90, 0, 0]
				},
				"rightFrontLeg": {
					"rotation": [-90, 0, 0]
				},
				"leftBackLeg": {
					"rotation": [90, 0, 0]
				},
				"rightBackLeg": {
					"rotation": [90, 0, 0]
				},
				"tail0": {
					"rotation": [-10, 0, 0]
				}
			}
		},
		"animation.palaeocastor.dig": {
			"animation_length": 1.25,
			"bones": {
				"body": {
					"position": {
						"0.0": [0, 0, 0],
						"0.25": [0, -0.25, 0],
						"1.0": [0, -0.25, 0],
						"1.25": [0, 0, 0]
					}
				},
				"neck": {
					"rotation": {
						"0.0": [0, 0, 0],
						"0.25": [10, 0, 0],
						"0.3333": [5.16, 5.74, 1.04],
						"0.4167": [15.32, 11.48, 2.09],
						"0.5": [10.47479, 17.22575, 3.13388],
						"0.5833": [5.47, 5.74, 1.04],
						"0.6667": [15.47, -5.74, -1.05],
						"0.75": [10.47479, -17.22575, -3.13388],
						"0.8333": [5.32, -11.48, -2.09],
						"0.9167": [15.16, -5.74, -1.05],
						"1.0": [10, 0, 0],
						"1.25": [0, 0, 0]
					}
				},
				"head": {
					"rotation": {
						"0.0": [0, 0, 0],
						"0.25": [12.5, 0, 0],
						"1.0": [12.5, 0, 0],
						"1.25": [0, 0, 0]
					}
				},
				"leftFrontLeg": {
					"rotation": {
						"0.0": [0, 0, 0],
						"0.25": [0, 0, 15],
						"1.0": [0, 0, 15],
						"1.25": [0, 0, 0]
					}
				},
				"rightFrontLeg": {
					"rotation": {
						"0.0": [0, 0, 0],
						"0.25": [0, 0, -15],
						"1.0": [0, 0, -15],
						"1.25": [0, 0, 0]
					}
				},
				"leftBackLeg": {
					"rotation": {
						"0.0": [0, 0, 0],
						"0.25": [0, 0, 15],
						"1.0": [0, 0, 15],
						"1.25": [0, 0, 0]
					}
				},
				"rightBackLeg": {
					"rotation": {
						"0.0": [0, 0, 0],
						"0.25": [0, 0, -15],
						"1.0": [0, 0, -15],
						"1.25": [0, 0, 0]
					}
				}
			}
		},
		"animation.palaeocastor.incapacitated": {
			"loop": true,
			"bones": {
				"body": {
					"position": [0, -2, 0]
				},
				"leftFrontLeg": {
					"rotation": [-90, 15, 0]
				},
				"rightFrontLeg": {
					"rotation": [-90, -15, 0]
				},
				"leftBackLeg": {
					"rotation": [90, -15, 0]
				},
				"rightBackLeg": {
					"rotation": [90, 15, 0]
				},
				"tail0": {
					"rotation": [-10, 0, 0]
				},
				"neck": {
					"rotation": [7.5, 0, 0]
				}
			}
		},
		"animation.palaeocastor.use_jaw_type_move": {
			"animation_length": 0.25,
			"bones": {
				"body": {
					"rotation": {
						"0.0": [0, 0, 0],
						"0.25": [0, 0, 0]
					},
					"position": {
						"0.0": [0, 0, 0],
						"0.0625": [0, 0, 1.5],
						"0.125": [0, 0, -2],
						"0.25": [0, 0, 0]
					}
				},
				"head": {
					"rotation": {
						"0.0": [0, 0, 0],
						"0.125": [0, 0, 0],
						"0.25": [0, 0, 0]
					}
				},
				"leftFrontLeg": {
					"rotation": {
						"0.0": [0, 0, 0],
						"0.0625": [-17.5, 0, 0],
						"0.125": [20, 0, 0],
						"0.25": [0, 0, 0]
					}
				},
				"rightFrontLeg": {
					"rotation": {
						"0.0": [0, 0, 0],
						"0.0625": [-17.5, 0, 0],
						"0.125": [20, 0, 0],
						"0.25": [0, 0, 0]
					}
				},
				"leftBackLeg": {
					"rotation": {
						"0.0": [0, 0, 0],
						"0.0625": [-17.5, 0, 0],
						"0.125": [20, 0, 0],
						"0.25": [0, 0, 0]
					}
				},
				"rightBackLeg": {
					"rotation": {
						"0.0": [0, 0, 0],
						"0.0625": [-17.5, 0, 0],
						"0.125": [20, 0, 0],
						"0.25": [0, 0, 0]
					}
				},
				"lowerJaw": {
					"rotation": {
						"0.0": [0, 0, 0],
						"0.0625": [20, 0, 0],
						"0.125": [0, 0, 0]
					}
				}
			}
		}
	}
}