{
	"format_version": "1.8.0",
	"animations": {
		"animation.tenontosaurus.walk": {
			"loop": true,
			"animation_length": 2,
			"bones": {
				"leftFrontLeg": {
					"rotation": {
						"0.0": [0, 0, 0],
						"0.5": [-15, 0, 0],
						"1.0": [0, 0, 0],
						"1.5": [15, 0, 0],
						"2.0": [0, 0, 0]
					}
				},
				"rightFrontLeg": {
					"rotation": {
						"0.0": [0, 0, 0],
						"0.5": [15, 0, 0],
						"1.0": [0, 0, 0],
						"1.5": [-15, 0, 0],
						"2.0": [0, 0, 0]
					}
				},
				"leftBackLeg": {
					"rotation": {
						"0.0": [0, 0, 0],
						"0.5": [15, 0, 0],
						"1.0": [0, 0, 0],
						"1.5": [-15, 0, 0],
						"2.0": [0, 0, 0]
					}
				},
				"rightBackLeg": {
					"rotation": {
						"0.0": [0, 0, 0],
						"0.5": [-15, 0, 0],
						"1.0": [0, 0, 0],
						"1.5": [15, 0, 0],
						"2.0": [0, 0, 0]
					}
				}
			}
		},
		"animation.tenontosaurus.use_tail_type_move": {
			"animation_length": 1,
			"bones": {
				"tail0": {
					"rotation": {
						"0.0": [0, 0, 0],
						"0.375": [7.5, 0, 0],
						"0.5": [17.02015, 46.04179, 22.17599],
						"1.0": [0, 0, 0]
					}
				},
				"tail1": {
					"rotation": {
						"0.0": [0, 0, 0],
						"0.375": [7.5, 0, 0],
						"0.5": [7.5, 20, 0],
						"1.0": [0, 0, 0]
					}
				},
				"tail2": {
					"rotation": {
						"0.0": [0, 0, 0],
						"0.375": [7.5, 0, 0],
						"0.5": [7.66022, 19.98015, 0.90956],
						"1.0": [0, 0, 0]
					}
				},
				"tail3": {
					"rotation": {
						"0.0": [0, 0, 0],
						"0.375": [0, 0, -70],
						"0.5": [-30, 0, -70],
						"1.0": [0, 0, 0]
					}
				}
			}
		},
		"animation.tenontosaurus.use_status_type_move": {
			"animation_length": 1.5,
			"bones": {
				"tail0": {
					"rotation": {
						"0.0": [0, 0, 0],
						"0.25": [-5, 0, 0],
						"0.5": [-4.38997, 22.29711, 3.09472],
						"0.75": [-5, 0, 0],
						"1.0": [-4.38997, -22.29711, -3.09472],
						"1.25": [-5, 0, 0],
						"1.5": [0, 0, 0]
					}
				},
				"tail1": {
					"rotation": {
						"0.0": [0, 0, 0],
						"0.25": [0, 0, 0],
						"0.5": [0, 5, 0],
						"0.75": [0, 0, 0],
						"1.0": [0, -5, 0],
						"1.25": [0, 0, 0],
						"1.5": [0, 0, 0]
					}
				},
				"tail2": {
					"rotation": {
						"0.0": [0, 0, 0],
						"0.25": [0, 0, 0],
						"0.5": [0, 5, 0],
						"0.75": [0, 0, 0],
						"1.0": [0, -5, 0],
						"1.25": [0, 0, 0],
						"1.5": [0, 0, 0]
					}
				},
				"tail3": {
					"rotation": {
						"0.0": [0, 0, 0],
						"0.25": [0, 0, 0],
						"0.5": [-0.019, -4.98093, -89.56312],
						"0.75": [0, 0, 0],
						"1.0": [-0.23116, 4.75756, 87.0641],
						"1.25": [0, 0, 0],
						"1.5": [0, 0, 0]
					}
				}
			}
		}
	}
}